rs987052	T	C
rs8043770	C	G
rs16987907	C	T
rs4458955	C	T
rs7170781	C	G
rs2296147	T	C
rs7032231	C	A
rs6719488	G	T
rs28660993	C	T
rs6557678	A	G
rs2971886	G	A
rs6098009	T	C
rs10929094	G	T
rs7678889	G	A
rs6913287	G	A
rs11156027	A	G
rs2328848	G	A
rs12645809	T	C
rs6634815	C	A
rs7315286	A	G
rs6944302	C	T
rs7846968	T	C
rs6113393	C	T
rs309181	C	G
rs6128575	A	G
rs7236338	C	T
rs16915329	G	A
rs10494335	G	A
rs1043809	C	T
rs12913832	A	G
rs174709	C	T
rs10432626	C	A
rs1834640	A	G
rs12575529	G	A
rs10129859	T	C
rs2965265	C	T
rs12013894	G	A
rs309176	T	C
rs1129038	C	T
rs17385747	T	C
rs9833366	A	G
rs1585205	A	C
rs1061624	A	G
rs10905807	C	T
rs12437597	A	G
rs745500	G	A
rs4940411	A	G
rs1943147	T	C
rs11822822	A	G
rs1474925	A	C
rs9559341	T	C
rs403225	C	T
rs2036851	G	A
rs6852697	T	C
rs4149409	G	A
rs11688829	G	A
rs2301228	A	G
rs12445351	A	G
rs739256	C	A
rs1871534	G	C
rs12646341	C	T
rs4988235	G	A
rs6757782	A	C
rs10001950	T	G
rs13013484	G	A
rs1017051	T	C
rs748841	C	T
rs4816090	C	T
rs10925391	A	C
rs6708711	A	G
rs2820075	T	G
rs4635774	A	G
rs10221893	C	T
rs4920468	G	A
rs6090449	A	G
rs2680880	A	T
rs10860636	A	G
rs2976397	G	T
rs11680018	C	A
rs12606164	G	A
rs9594916	T	C
rs2929290	G	T
rs17410253	C	A
rs12136921	G	A
rs1978273	G	A
rs10462705	C	T
rs2700909	T	C
rs1909892	C	T
rs931250	G	T
rs11223548	C	T
rs9401603	C	T
rs1068705	C	T
rs1508594	T	C
rs4958902	C	A
rs754101	T	G
rs885219	A	G
rs932206	C	T
rs17795516	C	T
rs182549	C	T
rs465360	A	G
rs7927016	G	A
rs6477925	T	C
rs6493426	A	G
rs718159	G	A
rs17821056	C	A
rs12261966	C	T
rs13333910	G	A
rs4775710	A	G
rs277753	C	T
rs790364	C	G
rs9550383	C	T
rs9933242	G	A
rs9985541	C	A
rs17153567	A	G
rs4370404	G	A
rs6439830	T	C
rs948604	G	T
rs2892667	A	G
rs6967965	T	C
rs12418058	T	C
rs7121129	T	C
rs17147968	A	G
rs11690547	G	A
rs2414018	A	C
rs2814778	T	C
rs9362570	C	T
rs8136528	C	T
rs6714750	A	G
rs4639062	C	T
rs11078599	C	T
rs9827447	A	G
rs1541103	G	A
rs2307981	G	GCAA
rs4263037	G	A
rs2540718	G	A
rs7682733	A	G
rs12232113	T	C
rs12556295	A	C
rs3827760	A	G
rs9651806	T	C
rs11511217	G	A
rs1045605	C	G
rs4233318	G	T
rs2923142	G	T
rs12204956	G	A
rs7695956	G	A
rs6081272	G	A
rs975243	A	G
rs16850914	G	A
rs6577209	C	A
rs12678991	T	C
rs168705	A	G
rs12817074	G	A
rs16894757	G	A
rs2675642	G	A
rs4434099	T	C
rs4812831	G	A
rs3821053	G	A
rs6437783	C	T
rs4684704	C	T
rs618746	T	C
rs2894608	G	A
