rs7170781	C	G
rs6719488	G	T
rs2971886	G	A
rs7678889	G	A
rs7846968	T	C
rs6113393	C	T
rs309181	C	G
rs12913832	A	G
rs174709	C	T
rs10432626	C	A
rs2965265	C	T
rs309176	T	C
rs1129038	C	T
rs9833366	A	G
rs1061624	A	G
rs745500	G	A
rs4940411	A	G
rs9559341	T	C
rs2036851	G	A
rs11688829	G	A
rs2301228	A	G
rs12646341	C	T
rs4988235	G	A
rs748841	C	T
rs4816090	C	T
rs10925391	A	C
rs6708711	A	G
rs4635774	A	G
rs10221893	C	T
rs2680880	A	T
rs10860636	A	G
rs11680018	C	A
rs12606164	G	A
rs2929290	G	T
rs1978273	G	A
rs10462705	C	T
rs2700909	T	C
rs1909892	C	T
rs1068705	C	T
rs754101	T	G
rs885219	A	G
rs932206	C	T
rs17795516	C	T
rs182549	C	T
rs465360	A	G
rs6477925	T	C
rs6493426	A	G
rs718159	G	A
rs12261966	C	T
rs790364	C	G
rs9550383	C	T
rs9933242	G	A
rs948604	G	T
rs12418058	T	C
rs7121129	T	C
rs11690547	G	A
rs2414018	A	C
rs6714750	A	G
rs11078599	C	T
rs1541103	G	A
rs4263037	G	A
rs2540718	G	A
rs4233318	G	T
rs2923142	G	T
rs12204956	G	A
rs975243	A	G
rs12678991	T	C
rs12817074	G	A
rs2675642	G	A
rs3821053	G	A
rs2894608	G	A
